,Clusters,CultivarID,Sequence,Subpopulation,PlantHeight,Yield
0,0,W125,ACTGTTCTT,Intermediate,152.0,25.54
1,0,W155,ACTGTTTTT,Indica Intermediate,98.4,44.83
2,1,W120,ACTGTATTT,Temperate Japonica,109.6,19.56
3,1,W226,ACTGTATTT,Temperate Japonica,93.2,34.59
4,1,C119,ACTGTATTT,Temperate Japonica,86.17,17.49
5,1,W087,ACTGTATTT,Indica I,77.2,28.51
6,1,C051,ACTGTATTT,Intermediate,99.9,24.56
7,1,C014,ACTGTATTT,Japonica Intermediate,82.43,22.39
8,1,W119,ACTGAATTT,Tropical Japonica,95.4,21.24
9,2,W003,ACTGAACTC,Tropical Japonica,140.4,23.73
10,2,C063,ACTGAACCC,Temperate Japonica,115.54,42.22
11,3,C120,ACTGAACCT,Temperate Japonica,97.63,18.72
12,3,C172,ACTGAACCT,Temperate Japonica,102.37,24.85
13,3,C149,ACTGAACCT,Temperate Japonica,102.47,27.48
14,4,C012,ACTGAACTT,Temperate Japonica,114.1,22.97
15,4,W060,ACTGAACTT,Temperate Japonica,119.4,23.06
16,4,W249,ACTGAACTT,Temperate Japonica,125.8,30.02
17,4,W250,ACTGAACTT,Temperate Japonica,123.2,25.87
18,4,W193,ACTGAACTT,Temperate Japonica,121.4,43.01
19,5,W021,ACTGTACTC,Japonica Intermediate,142.4,29.0
20,5,W323,ACTGTACTC,Japonica Intermediate,136.4,19.09
21,5,W327,ACTGTACTC,Temperate Japonica,89.8,35.33
22,5,C185,ACTGTACTC,Japonica Intermediate,145.0,9.56
23,5,C052,ACTGTACTC,Temperate Japonica,107.0,23.61
24,6,C048,ACTGTACTT,Temperate Japonica,97.33,25.65
25,6,W052,ACTGTACTT,Temperate Japonica,98.6,22.37
26,6,W160,ACTGTACTT,Temperate Japonica,96.0,42.64
27,6,C116,ACTGTACTT,Temperate Japonica,87.03,27.4
28,6,C017,ACTGTACTT,Temperate Japonica,92.67,8.94
29,6,W109,ACTGTACTT,Temperate Japonica,99.4,10.06
30,6,C028,ACTGTACTT,Temperate Japonica,86.97,25.84
31,6,W328,ACTGTACTT,Intermediate,117.4,7.69
32,6,C152,ACTGTACTT,Temperate Japonica,100.0,18.94
33,6,W283,ACTGTACTT,Temperate Japonica,68.4,11.96
34,6,C064,ACTGTACTT,Temperate Japonica,103.3,23.28
35,6,W061,ACTGTACTT,Japonica Intermediate,121.8,29.27
36,6,W027,ACTGTACTT,Temperate Japonica,116.8,15.93
37,6,C026,ACTGTACTT,Temperate Japonica,104.7,25.89
38,6,W088,ACTGTACTT,Temperate Japonica,70.6,19.23
39,6,W117,ACTGTACTT,Temperate Japonica,98.6,16.21
40,6,C057,ACTGTACTT,Japonica Intermediate,123.63,18.28
41,6,C018,ACTGTACTT,Temperate Japonica,78.27,14.89
42,6,W012,ACTGTACTT,Temperate Japonica,100.8,11.32
43,6,W158,ACTGTACTT,Intermediate,107.2,51.52
44,6,C146,ACTGTACTT,Temperate Japonica,74.7,20.77
45,6,W207,ACTGTACTT,Temperate Japonica,114.6,42.97
46,6,W010,ACTGTACTT,Japonica Intermediate,135.0,25.72
47,6,W305,ACTGTACTT,Temperate Japonica,74.0,22.28
48,6,W063,ACTGTACTT,Japonica Intermediate,114.2,25.25
49,6,W130,ACTGTACTT,Temperate Japonica,92.6,22.98
50,6,C029,ACTGTACTT,Japonica Intermediate,94.0,19.0
51,6,W209,ACTGTACTT,Temperate Japonica,142.4,55.34
52,6,C035,ACTGTACTT,Temperate Japonica,102.58,15.55
53,6,C150,ACTGTACTT,Temperate Japonica,90.32,18.31
54,6,C032,ACTGTACTT,Temperate Japonica,107.8,22.01
55,6,W162,ACTGTACTT,Temperate Japonica,98.4,74.84
56,6,C177,ACTGTACTT,Temperate Japonica,112.87,13.13
57,6,W016,ACTGTACTT,Temperate Japonica,78.8,6.03
58,6,C154,ACTGTACTT,Temperate Japonica,77.43,8.95
59,6,W013,ACTGTACTT,Temperate Japonica,98.6,31.51
60,7,W128,ACCGATCTT,Intermediate,149.8,46.26
61,8,W143,GCTTAACCC,Japonica Intermediate,196.8,13.77
62,8,C144,GCTTAACCC,Temperate Japonica,206.73,11.16
63,8,C134,GCTTAACCC,Temperate Japonica,172.46,11.19
64,9,C103,GCTGAACTC,Temperate Japonica,202.07,17.56
65,9,C196,GCTGAACTC,Temperate Japonica,193.0,16.74
66,9,C079,GCTGAACTC,Temperate Japonica,143.32,20.06
67,9,C004,GCTGAACTC,Temperate Japonica,140.4,18.82
68,9,C130,GCTGAACTC,Temperate Japonica,155.4,13.15
69,9,C133,GCTGAACTC,Temperate Japonica,170.8,23.19
70,9,C093,GCTGAACTC,Temperate Japonica,164.73,10.24
71,9,W102,GCTGAACTC,Tropical Japonica,182.6,12.67
72,9,W325,GCTGAACTC,Temperate Japonica,135.8,10.7
73,10,C137,GCTGAACCC,Temperate Japonica,170.0,16.62
74,10,C101,GCTGAACCC,Temperate Japonica,192.07,15.45
75,10,C111,GCTGAACCC,Temperate Japonica,206.13,4.41
76,10,W319,GCTGAACCC,Temperate Japonica,174.2,12.88
77,10,C106,GCTGAACCC,Temperate Japonica,191.0,12.18
78,11,W288,GCTGAATTC,Tropical Japonica,144.2,26.15
79,11,W273,GCTGAATTC,Tropical Japonica,156.2,35.19
80,11,W007,GCTGAATTC,Tropical Japonica,150.8,26.76
81,12,W085,GCTGTATTC,Indica Intermediate,118.6,39.59
82,12,W329,GCTGTATTC,Tropical Japonica,147.4,34.71
83,12,W260,GCTGTATTC,Tropical Japonica,134.0,32.8
84,12,C045,GCTGTATTC,Indica Intermediate,106.23,27.6
85,12,W239,GCTGTATTC,Indica Intermediate,109.8,54.41
86,12,W188,GCTGTATTC,Indica II,102.0,51.46
87,12,C027,GCTGTATTC,Indica Intermediate,100.47,27.54
88,12,C008,GCTGTATTC,Indica Intermediate,87.47,6.03
89,13,W110,GCTTAATTC,Tropical Japonica,154.4,12.99
90,13,W284,GCTTAATTC,Tropical Japonica,135.4,19.0
91,13,W002,GCTTAATTC,Tropical Japonica,157.4,11.12
92,13,C005,GCTTAATTC,Tropical Japonica,163.33,22.5
93,13,W004,GCTTAATTC,Tropical Japonica,158.2,26.55
94,14,C094,GTTGTATTC,Indica Intermediate,154.87,12.4
95,15,W116,GCTTAACTT,Tropical Japonica,175.4,29.11
96,15,C087,GCTTAACTT,Temperate Japonica,141.27,16.44
97,15,W285,GCTTAATTT,Tropical Japonica,134.6,24.48
98,16,W257,GCTGAATTT,Tropical Japonica,171.6,29.57
99,16,W113,GCTGAATTT,Tropical Japonica,141.0,31.41
100,16,W123,GCTGAATTT,Tropical Japonica,140.8,36.97
101,16,W022,GCTGAATTT,Tropical Japonica,146.0,50.38
102,16,W008,GCTGAATTT,Tropical Japonica,147.0,29.29
103,16,W303,GCTGAATTT,Tropical Japonica,157.8,32.36
104,16,W208,GCTGAATTT,Temperate Japonica,119.6,45.72
105,16,W017,GCTGAATTT,Tropical Japonica,126.2,24.03
106,16,W053,GCTGAATTT,Tropical Japonica,152.6,23.21
107,16,W057,GCTGAATTT,Tropical Japonica,182.2,33.1
108,16,W006,GCTGAATTT,Tropical Japonica,149.8,33.06
109,16,W275,GCTGAATTT,Tropical Japonica,148.2,28.65
110,16,W251,GCTGAATTT,Tropical Japonica,129.8,29.24
111,16,W253,GCTGAATTT,Tropical Japonica,146.2,43.12
112,16,W005,GCTGAATTT,Tropical Japonica,133.8,30.8
113,16,W065,GCTGAATTT,Tropical Japonica,149.4,35.81
114,16,W254,GCTGAATTT,Tropical Japonica,143.4,33.2
115,16,C153,GCTGAATTT,Tropical Japonica,105.07,35.52
116,16,W067,GCTGAATTT,Tropical Japonica,152.6,33.79
117,16,W024,GCTGAATTT,Tropical Japonica,139.8,20.07
118,17,W041,GCTGAACTT,Tropical Japonica,169.4,22.38
119,17,W056,GCTGAACTT,Temperate Japonica,129.0,32.73
120,17,C123,GCTGAACTT,Tropical Japonica,118.83,40.51
121,17,C189,GCTGAACTT,Temperate Japonica,162.36,17.58
122,17,C070,GCTGAACTT,Temperate Japonica,97.8,16.79
123,17,W055,GCTGAACTT,Intermediate,171.4,23.26
124,17,W011,GCTGAACTT,Temperate Japonica,116.8,30.85
125,18,C083,GCTGAATCT,Temperate Japonica,174.7,20.45
126,19,C040,GCTGTATCT,Indica I,102.46,25.01
127,19,C157,GCTGTATCT,Indica I,75.1,11.06
128,19,W078,GCTGTATCT,Indica Intermediate,96.8,26.95
129,20,W211,GCTGTATTT,Indica II,97.0,25.22
130,20,W182,GCTGTATTT,Indica II,101.2,50.03
131,20,W187,GCTGTATTT,Indica Intermediate,105.2,-9.0
132,20,W262,GCTGTATTT,Indica I,83.8,42.45
133,20,C043,GCTGTATTT,Indica I,106.33,22.34
134,20,W316,GCTGTATTT,Indica II,99.0,37.4
135,20,W234,GCTGTATTT,Indica Intermediate,112.8,43.17
136,20,C050,GCTGTATTT,Indica II,108.81,23.95
137,20,W213,GCTGTATTT,Indica Intermediate,137.4,31.38
138,20,W301,GCTGTATTT,Indica II,95.6,38.48
139,20,C068,GCTGTATTT,Indica II,109.6,31.13
140,20,W202,GCTGTATTT,Indica Intermediate,112.0,52.28
141,20,W195,GCTGTATTT,Indica II,123.8,68.19
142,20,W168,GCTGTATTT,Indica II,101.4,42.14
143,20,W086,GCTGTATTT,Indica II,103.4,33.73
144,20,C168,GCTGTATTT,Indica Intermediate,104.87,29.36
145,20,C163,GCTGTATTT,Indica II,104.17,16.16
146,20,W167,GCTGTATTT,Indica Intermediate,135.2,45.93
147,20,W322,GCTGTATTT,Indica Intermediate,109.0,36.91
148,20,W311,GCTGTATTT,Indica II,100.6,53.65
149,20,W227,GCTGTATTT,Indica Intermediate,106.6,50.01
150,20,W242,GCTGTATTT,Indica Intermediate,106.2,44.32
151,20,W177,GCTGTATTT,Indica II,100.0,39.95
152,20,W165,GCTGTATTT,Indica Intermediate,103.8,52.53
153,20,W217,GCTGTATTT,Indica Intermediate,133.8,20.5
154,20,C009,GCTGTATTT,Indica Intermediate,106.8,29.62
155,20,C061,GCTGTATTT,Indica II,109.37,25.1
156,20,C065,GCTGTATTT,Indica Intermediate,109.07,27.86
157,20,W243,GCTGTATTT,Indica II,105.6,53.58
158,20,W231,GCTGTATTT,Indica II,117.0,40.06
159,20,W238,GCTGTATTT,Indica II,95.4,36.2
160,20,W157,GCTGTATTT,Indica Intermediate,95.2,46.17
161,20,C164,GCTGTATTT,Indica II,95.53,23.03
162,20,W267,GCTGTATTT,Indica Intermediate,114.4,49.72
163,20,W176,GCTGTATTT,Indica II,101.4,49.18
164,20,C115,GCTGTATTT,Indica II,80.4,23.74
165,20,C042,GCTGTATTT,Indica Intermediate,103.67,27.47
166,20,C148,GCTGTATTT,Indica II,117.2,26.72
167,20,W159,GCTGTATTT,Indica II,95.2,48.61
168,20,W318,GCTGTATTT,Indica I,139.3,61.22
169,20,W153,GCTGTATTT,Indica II,103.8,48.48
170,20,W083,GCTGTATTT,Indica Intermediate,116.4,32.77
171,20,W201,GCTGTATTT,Indica Intermediate,108.2,51.03
172,20,C166,GCTGTATTT,Indica Intermediate,94.73,20.12
173,20,C062,GCTGTATTT,Indica I,105.5,14.31
174,20,C011,GCTGTATTT,Indica II,100.43,24.11
175,20,C178,GCTGTATTT,Indica I,107.67,23.51
176,20,W218,GCTGTATTT,Indica Intermediate,133.6,22.26
177,20,W184,GCTGTATTT,Indica II,98.0,45.16
178,20,C069,GCTGTATTT,Indica II,115.8,27.13
179,20,C053,GCTGTATTT,Indica Intermediate,116.63,27.49
180,20,C025,GCTGTATTT,Indica Intermediate,82.83,25.69
181,20,C022,GCTGTATTT,Indica I,77.3,21.1
182,20,W166,GCTGTATTT,Indica Intermediate,137.8,66.81
183,20,C147,GCTGTATTT,Indica II,108.1,27.15
184,20,C174,GCTGTATTT,Indica II,111.43,27.65
185,20,W237,GCTGTATTT,Indica II,115.8,72.55
186,20,W216,GCTGTATTT,Indica II,113.8,47.57
187,20,W186,GCTGTATTT,Indica Intermediate,98.2,-9.0
188,20,C049,GCTGTATTT,Indica Intermediate,103.13,16.2
189,20,W197,GCTGTATTT,Indica II,112.8,64.98
190,20,W289,GCTGTATTT,Indica II,104.4,31.8
191,20,W051,GCTGTATTT,Indica II,107.4,41.35
192,20,W044,GCTGTATTT,Indica II,98.8,30.48
193,20,W118,GCTGTATTT,Tropical Japonica,84.2,27.03
194,20,W225,GCTGTATTT,Tropical Japonica,90.2,28.37
195,20,W161,GCTGTATTT,Indica II,102.0,49.92
196,21,W172,GCTGTTTTT,Indica II,100.2,40.94
197,21,W194,GCTGTTTTT,Indica II,108.8,53.24
198,21,W154,GCTGTTTTT,Indica II,102.4,60.98
199,21,W321,GCTGTTTTT,Indica III,160.6,30.24
200,21,W304,GCTGTTTTT,Intermediate,95.8,25.07
201,21,W147,GCTGTTTTT,Indica Intermediate,117.6,65.87
202,21,W299,GCTGTTTTT,Indica Intermediate,90.8,36.96
203,22,C024,ACTTTATCT,Indica I,85.33,21.54
204,22,C145,ACTTTATCT,Indica I,92.33,27.41
205,22,C114,ACTTTATCT,Indica Intermediate,86.87,22.13
206,23,C156,GCTTTATCT,Indica I,73.13,15.13
207,23,C155,GCTTTATCT,Indica I,69.47,17.93
208,23,C039,GCTTTATCT,Indica I,109.43,30.07
209,23,C020,GCTTTATCT,Indica I,78.17,21.41
210,23,C058,GCTTTATCT,Indica I,103.7,16.26
211,23,C059,GCTTTATCT,Indica I,113.43,24.25
212,23,W223,GCTTTATCT,Indica II,103.6,52.59
213,23,C033,GCTTTATCT,Indica I,132.04,25.18
214,23,C158,GCTTTATCT,Indica I,85.17,26.08
215,23,C021,GCTTTATCT,Indica I,80.83,24.08
216,23,C122,GCTTTATCT,Indica I,118.1,38.68
217,23,C161,GCTTTATCT,Indica I,93.5,25.21
218,23,C159,GCTTTATCT,Indica I,95.8,32.72
219,24,W210,GCCTTATCT,Indica I,166.4,92.66
220,24,W247,GCCTTATCT,Indica I,170.2,49.59
221,25,W029,GCTTTATCC,Indica Intermediate,147.8,33.16
222,25,C060,GCTTTATCC,Indica I,114.73,25.52
223,26,W001,GCCTTATCC,Indica I,146.4,22.49
224,26,C081,GCCTTATCC,Indica I,155.8,15.53
225,26,C077,GCCTTATCC,Indica I,149.8,14.78
226,26,C184,GCCTTATCC,Indica I,156.17,16.07
227,26,C076,GCCTTATCC,Indica I,127.36,18.58
228,27,C036,GCTTTTTCT,Indica Intermediate,95.07,28.86
229,27,C121,GCTTTTTCT,Indica Intermediate,150.67,37.33
230,28,W181,GCTTTTTTT,Indica Intermediate,105.8,67.62
231,28,C162,GCTTTTTTT,Indica Intermediate,97.77,12.92
232,28,C175,GCTTTTTTT,Indica Intermediate,111.2,27.96
233,28,C192,GCTTTTTTT,Indica Intermediate,185.07,11.77
234,28,W298,GCTTTTTTT,Indica II,95.2,39.21
235,28,C107,GCTTTTTTT,Indica III,193.67,20.04
236,28,W148,GCTTTTTTT,Indica Intermediate,168.4,53.04
237,28,C072,GCTTTTTTT,Indica I,158.07,28.47
238,28,C142,GCTTTTTTT,Indica III,198.57,18.58
239,28,W274,GCTTTTTTT,Indica I,70.8,27.06
240,28,W291,GCTTTTTTT,Indica II,96.6,-9.0
241,29,W084,GCTTTTTTC,Indica Intermediate,114.4,27.97
242,29,C173,GCTTTTTTC,Indica I,114.4,19.72
243,29,C078,GCTTTTTTC,Indica Intermediate,172.4,18.63
244,30,C193,GCTTTTTCC,Indica I,158.4,22.5
245,30,C183,GCTTTTTCC,Indica I,160.57,13.52
246,30,W132,GCTTTTTCC,Indica I,156.0,47.57
247,30,C180,GCTTTTTCC,Indica I,147.15,19.29
248,30,C128,GCTTTTTCC,Indica I,158.23,37.31
249,31,W135,GCTTTACTC,Indica Intermediate,172.8,49.14
250,32,W073,GCTTTATTC,Indica II,98.8,31.0
251,32,W246,GCTTTATTC,Indica Intermediate,151.0,51.53
252,32,C131,GCTTTATTC,Indica I,165.07,21.29
253,32,C176,GCTTTATTC,Indica Intermediate,97.67,16.33
254,32,W269,GCTTTATTC,Indica Intermediate,96.0,53.08
255,32,W133,GCTTTATTC,Indica Intermediate,157.8,37.09
256,32,C092,GCTTTATTC,Indica I,168.47,18.02
257,32,W206,GCTTTATTC,Indica Intermediate,112.0,32.66
258,32,C041,GCTTTATTC,Indica I,113.1,26.12
259,32,W270,GCTTTATTC,Indica Intermediate,99.0,43.21
260,32,C191,GCTTTATTC,Indica I,171.27,28.88
261,32,W101,GCTTTATTC,Indica Intermediate,149.8,43.36
262,32,W266,GCTTTATTC,Indica III,132.6,-9.0
263,32,W199,GCTTTATTC,Indica Intermediate,125.2,48.37
264,32,C091,GCTTTATTC,Indica I,170.07,18.66
265,32,C127,GCTTTATTC,Indica I,152.54,28.27
266,33,W175,GCTTTACTT,Intermediate,101.0,32.07
267,33,C124,GCTTTACTT,Indica Intermediate,110.27,19.71
268,33,C203,GCTTTACTT,Indica I,77.33,13.12
269,33,W313,GCTTTACTT,Indica II,110.4,42.46
270,33,W068,GCTTTACTT,Temperate Japonica,139.8,26.34
271,33,W240,GCTTTACTT,Indica Intermediate,111.6,45.03
272,34,W271,GCTTTATTT,Indica Intermediate,95.8,48.11
273,34,C007,GCTTTATTT,Indica Intermediate,107.97,20.44
274,34,W163,GCTTTATTT,Indica Intermediate,91.4,78.87
275,34,W230,GCTTTATTT,Indica II,-9.0,25.57
276,34,W174,GCTTTATTT,Indica II,84.0,41.87
277,34,C165,GCTTTATTT,Indica I,96.03,20.14
278,34,W244,GCTTTATTT,Indica II,102.4,38.07
279,34,W152,GCTTTATTT,Indica II,110.0,47.87
280,34,W300,GCTTTATTT,Tropical Japonica,107.2,29.13
281,34,C030,GCTTTATTT,Indica Intermediate,99.57,33.03
282,34,W245,GCTTTATTT,Indica Intermediate,121.6,12.75
283,34,C038,GCTTTATTT,Indica Intermediate,101.33,20.55
284,34,C031,GCTTTATTT,Indica Intermediate,96.27,28.48
285,34,W265,GCTTTATTT,Indica Intermediate,120.4,43.5
286,34,W229,GCTTTATTT,Indica II,119.4,55.19
287,34,W150,GCTTTATTT,Indica II,104.6,36.18
288,34,W058,GCTTTATTT,Indica I,150.6,54.37
289,34,W248,GCTTTATTT,Indica I,145.4,34.34
290,34,C044,GCTTTATTT,Indica Intermediate,104.33,20.22
291,34,W189,GCTTTATTT,Indica II,114.2,47.6
292,34,W293,GCTTTATTT,Indica II,83.4,41.4
293,34,W312,GCTTTATTT,Indica II,111.6,55.13
294,34,W043,GCTTTATTT,Indica Intermediate,105.4,41.84
295,34,C105,GCTTTATTT,Indica Intermediate,170.17,15.0
296,34,C019,GCTTTATTT,Indica I,80.25,14.97
297,34,W276,GCTTTATTT,Indica III,160.2,42.41
298,34,W317,GCTTTATTT,Indica II,110.4,42.61
299,34,W179,GCTTTATTT,Indica II,93.8,38.47
300,34,W046,GCTTTATTT,Indica II,96.0,34.03
301,34,W315,GCTTTATTT,Indica II,102.0,29.4
302,34,W164,GCTTTATTT,Indica Intermediate,88.6,56.01
303,34,C170,GCTTTATTT,Indica I,94.87,22.92
304,34,W259,GCTTTATTT,Indica II,106.0,57.48
305,34,W170,GCTTTATTT,Indica II,90.6,36.14
306,34,W228,GCTTTATTT,Indica II,115.0,41.88
307,34,C151,GCTTTATTT,Indica I,107.73,24.3
308,34,C160,GCTTTATTT,Indica Intermediate,83.68,21.27
309,34,W183,GCTTTATTT,Indica II,96.6,41.2
310,34,C037,GCTTTATTT,Indica I,105.33,27.65
311,34,W185,GCTTTATTT,Indica II,95.6,43.83
312,34,W307,GCTTTATTT,Indica II,101.0,-9.0
313,34,C006,GCTTTATTT,Indica Intermediate,108.23,13.96
314,34,W151,GCTTTATTT,Indica II,98.0,51.34
315,34,C167,GCTTTATTT,Indica Intermediate,108.23,18.49
316,34,W295,GCTTTATTT,Indica II,99.6,47.32
317,34,W236,GCTTTATTT,Indica II,101.8,50.76
318,34,W169,GCTTTATTT,Indica II,93.6,47.84
319,34,W222,GCTTTATTT,Indica II,115.6,55.67
320,34,C046,GCTTTATTT,Indica Intermediate,172.37,28.5
321,34,W233,GCTTTATTT,Indica Intermediate,114.2,36.4
322,34,W268,GCTTTATTT,Indica Intermediate,91.4,47.52
323,34,W263,GCTTTATTT,Indica Intermediate,114.8,32.59
324,34,C117,GCTTTATTT,Indica Intermediate,110.43,27.28
325,34,C113,GCTTTATTT,Indica Intermediate,73.77,12.22
326,34,W138,GCTTTATTT,Indica I,102.0,64.86
327,34,W200,GCTTTATTT,Indica Intermediate,115.4,48.88
328,34,W264,GCTTTATTT,Indica Intermediate,91.4,44.62
329,34,W309,GCTTTATTT,Indica II,112.2,50.16
330,34,C169,GCTTTATTT,Indica Intermediate,118.07,30.26
331,34,W149,GCTTTATTT,Indica Intermediate,112.6,45.4
332,34,W224,GCTTTATTT,Indica II,116.0,45.4
333,34,W156,GCTTTATTT,Indica I,99.2,40.36
334,34,W294,GCTTTATTT,Intermediate,118.8,-9.0
335,34,C112,GCTTTATTT,Indica I,77.43,18.27
336,34,W308,GCTTTATTT,Indica II,109.4,30.02
337,34,W180,GCTTTATTT,Indica Intermediate,108.0,37.7
338,34,W040,GCTTTATTT,Indica II,108.4,37.75
339,35,W079,GCCGTTTCT,Intermediate,147.6,32.29
340,35,W020,GCCGTTTCC,Aus,136.6,30.08
341,36,W014,GCCGTTCCT,VI/Aromatic,158.0,29.41
342,37,W219,GCCGTTCCC,VI/Aromatic,161.0,35.0
343,37,W279,GCCGTTCCC,Aus,166.6,43.34
344,37,W252,GCCGTTCCC,VI/Aromatic,178.0,34.15
345,37,W255,GCCGTTCCC,VI/Aromatic,145.8,49.88
346,37,W091,GCCGTTCCC,Aus,148.2,33.09
347,37,W278,GCCGTTCCC,Aus,146.6,39.45
348,37,W095,GCCGTTCCC,Aus,165.8,43.35
349,37,W048,GCCGTTCCC,Aus,190.2,30.36
350,38,W306,GCTGTTCCC,VI/Aromatic,129.6,28.41
351,39,W261,GCTTTTCCC,Intermediate,132.4,37.25
352,39,C001,GCTTTTCCC,Indica I,144.13,24.13
353,40,C202,GCCTTTTCC,Indica I,176.33,16.82
354,41,C002,GCCTTTCCC,VI/Aromatic,177.62,15.18
355,41,W077,GCCTTTCCC,VI/Aromatic,182.4,36.33
356,41,C015,GCCTTTCCC,Aus,152.2,23.25
357,41,W330,GCCTTTCCC,Aus,149.6,33.92
358,41,W277,GCCTTTCCC,Aus,142.0,32.52
359,41,W220,GCCTTTCCC,VI/Aromatic,172.0,42.36
360,41,W136,GCCTTTCCC,VI/Aromatic,188.6,21.79
361,42,W033,GCTGTTTTC,Indica I,155.0,25.69
362,42,C099,GCTGTTTTC,Indica Intermediate,176.8,18.19
363,42,W191,GCTGTTTTC,Intermediate,121.0,29.17
364,42,W192,GCTGTTTTC,Intermediate,121.2,36.02
365,42,C066,GCTGTTTTC,Indica I,120.27,22.28
366,42,W107,GCTGTTTTC,Indica Intermediate,163.2,27.58
367,43,C095,GCCGTTTTC,Indica I,163.37,12.28
368,43,W026,GCCGTTTTC,Indica I,160.6,46.69
369,43,W124,GCCGTTTTC,Indica I,134.0,29.85
370,43,W036,GCCGTTTTC,Indica I,157.8,52.97
371,44,W028,GTCGTTCTC,Aus,164.2,29.82
372,45,W100,GCCGTTCTC,Aus,177.2,41.25
373,45,W096,GCCGTTCTC,Aus,165.2,38.39
374,45,W076,GCCGTTCTC,Aus,155.0,35.3
375,45,W115,GCCGTTCTC,Aus,153.4,40.41
376,45,W292,GCCGTTCTC,Aus,164.2,38.98
377,45,W104,GCCGTTCTC,Aus,145.4,24.13
378,45,W099,GCCGTTCTC,Aus,149.0,39.03
379,45,W090,GCCGTTCTC,Aus,137.4,52.77
380,45,W108,GCCGTTCTC,Aus,161.2,39.54
381,45,W142,GCCGTTCTC,Aus,149.4,27.19
382,45,W098,GCCGTTCTC,Aus,158.8,52.36
383,45,W131,GCCGTTCTC,Aus,161.0,37.53
384,45,W286,GCCGTTCTC,Aus,154.8,31.4
385,45,W092,GCCGTTCTC,Aus,144.8,39.43
386,45,W094,GCCGTTCTC,Aus,141.8,29.83
387,45,W214,GCCGTTCTC,Aus,153.8,40.57
388,45,W287,GCCGTTCTC,Aus,150.2,40.88
389,45,W069,GCCGTTCTC,Aus,146.4,34.34
390,45,W037,GCCGTTCTC,Indica Intermediate,173.8,26.79
391,46,W140,GCCTTTCTT,Aus,145.8,38.4
392,46,W106,GCCGTTCTT,Aus,169.4,29.99
393,47,W112,GCTTTTCTT,Indica III,167.2,43.85
394,47,C139,GCTTTTCTC,Indica I,185.33,17.37
395,48,W280,GCCTTTCTC,Aus,145.8,49.27
396,48,W025,GCCTTTCTC,Aus,154.2,29.24
397,48,W296,GCCTTTCTC,Aus,138.8,34.9
398,48,W297,GCCTTTCTC,Aus,161.2,24.91
399,48,W141,GCCTTTCTC,Aus,151.6,37.55
400,48,W121,GCCTTTCTC,Aus,177.6,41.53
401,48,W103,GCCTTTCTC,Aus,111.4,26.82
402,48,W015,GCCTTTCTC,Aus,157.8,71.1
403,48,W072,GCCTTTCTC,Aus,154.0,30.61
404,48,C013,GCCTTTCTC,Aus,150.43,25.71
405,48,W042,GCCTTTCTC,Indica Intermediate,185.4,36.42
406,48,W034,GCCTTTCTC,Aus,165.8,38.19
407,48,W215,GCCTTTCTC,Aus,154.4,53.44
408,49,C143,GCCGTATTC,Indica I,170.36,6.52
409,49,W314,GCCGTATTC,Indica II,111.2,45.76
410,49,W114,GCCGTATTC,Indica III,181.4,28.55
411,49,C125,GCCGTATTC,Indica I,145.65,14.01
412,49,W282,GCCGTATTC,Indica Intermediate,134.8,-9.0
413,50,C110,GCCTTATTC,Indica I,159.33,20.66
414,50,W144,GCCTTATTC,Indica I,168.4,39.58
415,50,W074,GCCTTATTC,Indica Intermediate,162.2,36.26
416,50,C182,GCCTTATTC,Indica I,161.2,15.27
417,50,C140,GCCTTATTC,Indica I,164.4,10.51
418,50,W198,GCCTTATTC,Indica Intermediate,180.0,39.96
419,50,W212,GCCTTATTC,Indica Intermediate,159.6,66.98
420,51,W235,GTCTTTTTC,Indica I,148.4,56.42
421,52,C190,GCCTTTTTC,Indica I,160.9,22.79
422,52,C199,GCCTTTTTC,Indica I,187.53,21.81
423,52,W126,GCCTTTTTC,Indica I,157.6,59.9
424,52,W032,GCCTTTTTC,Indica I,159.6,38.75
425,52,C198,GCCTTTTTC,Indica Intermediate,173.77,21.4
426,52,C129,GCCTTTTTC,Indica Intermediate,166.87,38.8
427,52,C100,GCCTTTTTC,Indica Intermediate,166.45,12.15
428,52,C096,GCCTTTTTC,Indica Intermediate,166.4,12.05
429,52,C088,GCCTTTTTC,Indica I,135.4,15.18
430,52,C136,GCCTTTTTC,Indica I,182.14,21.26
431,52,W320,GCCTTTTTC,Indica Intermediate,177.2,13.07
432,52,C200,GCCTTTTTC,Indica I,189.1,15.08
433,52,W031,GCCTTTTTC,Indica I,159.6,38.67
434,52,W039,GCCTTTTTC,Indica I,152.0,48.93
435,52,C141,GCCTTTTTC,Indica I,190.93,21.38
436,52,C135,GCCTTTTTC,Indica I,136.39,17.25
437,52,C201,GCCTTTTTC,Indica Intermediate,194.93,24.53
438,52,W272,GCCTTTTTC,Indica Intermediate,155.6,49.72
439,52,C073,GCCTTTTTC,Indica I,167.83,15.67
440,53,C055,GCCTTATTT,Indica I,119.03,21.49
441,53,W205,GCCTTATTT,Indica I,161.8,44.07
442,53,W080,GCCTTATTT,Indica I,141.4,54.17
443,53,C197,GCCTTATTT,Indica I,175.77,11.31
444,53,C090,GCCTTATTT,Indica Intermediate,177.29,31.86
445,53,C132,GCCTTATTT,Indica Intermediate,169.67,13.14
446,53,W204,GCCTTATTT,Indica I,154.2,50.0
447,54,W054,GCCTTTTTT,Indica Intermediate,190.2,39.47
448,54,C104,GCCTTTTTT,Indica I,179.14,13.31
449,54,W203,GCCTTTTTT,Indica Intermediate,185.6,55.14
450,54,C047,GCCTTTTTT,Indica I,97.53,22.12
451,54,C097,GCCTTTTTT,Indica Intermediate,172.2,13.57
452,54,W009,GCCTTTTTT,Indica III,193.8,30.1
453,54,W111,GCCTTTTTT,Indica III,203.6,29.52
454,54,C109,GCCTTTTTT,Indica I,162.1,8.97
455,54,C108,GCCTTTTTT,Indica I,156.8,16.56
456,54,C194,GCCTTTTTT,Indica Intermediate,173.4,11.93
457,54,C080,GCCTTTTTT,Indica I,170.53,23.69
458,55,W093,GCCGTTTTT,Indica III,133.0,27.89
459,55,W241,GCCGTTTTT,Indica II,119.2,51.51
460,55,W023,GCCGTTTTT,Indica III,165.8,42.76
461,55,W066,GCCGTTTTT,Indica Intermediate,102.2,28.08
462,55,W089,GCCGTTTTT,Indica III,136.4,43.14
463,56,C102,GCCGTATTT,Indica Intermediate,150.67,16.6
464,56,W178,GCCGTATTT,Indica III,97.8,30.93
465,56,W310,GCCGTATTT,Indica Intermediate,111.2,54.69
466,56,W221,GCCGTATTT,Indica Intermediate,112.4,25.91
467,56,W071,GCCGTATTT,Indica Intermediate,104.6,32.24
468,56,W146,GCCGTATTT,Indica I,127.4,64.45
469,57,W047,GCCTTACCT,Japonica Intermediate,203.2,18.86
470,57,W258,GCCTTACCC,VI/Aromatic,158.4,33.53
471,58,W129,GCCTTACTC,VI/Aromatic,151.2,62.08
472,58,W137,GCCTTACTC,Indica Intermediate,125.6,34.35
473,58,W035,GCCTTACTC,Indica Intermediate,196.2,28.86
474,58,W075,GCCTTACTC,Indica Intermediate,186.2,49.48
475,58,C086,GCCTTACTC,Aus,147.17,8.53
476,58,W105,GCCTTACTC,Aus,156.6,39.44
477,58,C098,GCCTTACTC,Indica Intermediate,178.27,15.41
478,58,W145,GCCTTACTT,Indica Intermediate,177.4,25.75
479,59,W256,GCCGTACCC,VI/Aromatic,160.0,28.73
480,59,W081,GCCGTACCC,VI/Aromatic,130.2,19.74
481,60,W134,GCCGTACTC,Aus,150.0,49.84
482,60,W049,GCCGTACTC,Aus,163.8,25.26
483,61,W030,GCCGTACTT,Indica Intermediate,172.6,42.82
484,62,C010,GCTGTACTT,Tropical Japonica,106.7,21.36
485,62,W173,GCTGTACTT,Tropical Japonica,121.6,35.23
486,62,W045,GCTGTACTT,Temperate Japonica,98.0,18.94
487,62,C034,GCTGTACTT,Temperate Japonica,110.5,30.28
488,62,C089,GCTGTACTT,Temperate Japonica,142.43,15.23
489,62,C023,GCTGTACTT,Temperate Japonica,89.39,27.13
490,62,C188,GCTGTACTT,Temperate Japonica,137.8,12.13
491,62,W062,GCTGTACTT,Tropical Japonica,153.4,41.03
492,62,W059,GCTGTACTT,Temperate Japonica,115.8,28.65
493,62,W019,GCTGTACTT,Japonica Intermediate,124.8,31.73
494,62,W281,GCTGTACTT,Temperate Japonica,150.0,23.82
495,62,C118,GCTGTACTT,Indica II,88.27,23.85
496,62,W064,GCTGTACTT,Temperate Japonica,106.2,13.13
497,62,W302,GCTGTACTT,Tropical Japonica,166.8,46.07
498,62,W038,GCTGTACTT,Temperate Japonica,138.0,43.57
499,62,C181,GCTGTACTT,Temperate Japonica,137.9,16.84
500,62,W139,GCTGTACTT,Temperate Japonica,96.4,20.34
501,62,C187,GCTGTACTT,Temperate Japonica,144.47,14.5
502,62,W070,GCTGTACTT,Indica Intermediate,160.4,56.93
503,62,W018,GCTGTACTT,Temperate Japonica,93.4,13.23
504,62,C195,GCTGTACTT,Temperate Japonica,171.79,8.72
505,62,W171,GCTGTACTT,Indica Intermediate,96.8,36.34
506,62,C003,GCTGTACTT,Japonica Intermediate,141.57,24.54
507,62,C054,GCTGTACTT,Temperate Japonica,97.9,24.28
508,63,C016,GCTGTACCT,Temperate Japonica,77.73,12.43
509,63,C056,GCTGTACCT,Temperate Japonica,99.03,16.88
510,63,W290,GCTGTACCT,Temperate Japonica,116.4,39.86
511,64,C085,GCTGTACCC,Japonica Intermediate,147.1,18.64
512,64,W050,GCTGTACCC,VI/Aromatic,174.8,32.39
513,64,C084,GCTGTACCC,Japonica Intermediate,157.62,9.1
514,65,C082,GCTGTACTC,Temperate Japonica,156.46,29.72
515,65,C138,GCTGTACTC,Temperate Japonica,190.9,13.9
516,65,W082,GCTGTACTC,Temperate Japonica,125.0,25.41
517,65,C071,GCTGTACTC,Temperate Japonica,128.2,26.85
518,65,C075,GCTGTACTC,Temperate Japonica,131.3,28.7
519,65,C179,GCTGTACTC,Temperate Japonica,133.53,18.55
520,65,W097,GCTGTACTC,Intermediate,137.0,27.6
521,65,W324,GCTGTACTC,Japonica Intermediate,156.0,20.18
522,65,W326,GCTGTACTC,Japonica Intermediate,155.4,24.96
523,65,C067,GCTGTACTC,Temperate Japonica,117.93,25.99
524,65,W122,GCTGTACTC,Japonica Intermediate,169.8,25.77
525,65,C074,GCTGTACTC,Temperate Japonica,143.65,17.51
526,65,C171,GCTGTACTC,Temperate Japonica,140.61,22.73
527,65,C186,GCTGTACTC,Japonica Intermediate,180.0,28.61
528,65,W127,GCTGTACTC,Japonica Intermediate,142.6,29.53
